item1ID,item2ID,item1V,item2V, chosenID, RT, columbiaID
sunChips, haribo,3.133333,4.6, sunChips,3629, asz2120
fruitSnacks, doritos,7.9,1.366667, fruitSnacks,2840, asz2120
doritos, animalCookies,1.366667,5.133333, animalCookies,1561, asz2120
sunChips, cheezIts,3.133333,7.233333, cheezIts,3295, asz2120
fruitSnacks, redVines,7.9,0.766667, fruitSnacks,930, asz2120
fruitSnacks, cheezIts,7.9,7.233333, cheezIts,1071, asz2120
reeses, cheezIts,2,7.233333, reeses,697, asz2120
stringCheese, peanuts,7.333333,3.133333, peanuts,1099, asz2120
jellyBean, tostitos,3.766667,7.633333, tostitos,1029, asz2120
pretzelStx, miniBagels,6.666667,3.433333, pretzelStx,1165, asz2120
peanuts, fruitSnacks,3.133333,7.9, fruitSnacks,856, asz2120
animalCookies, beefJerky,5.133333,9.166667, beefJerky,1517, asz2120
animalCookies, famousAmos,5.133333,5.966667, famousAmos,2522, asz2120
kindBar1, tostitos,3.066667,7.633333, tostitos,1066, asz2120
chesapeake, peanuts,6.566667,3.133333, chesapeake,1132, asz2120
chesapeake, peanuts,6.566667,3.133333, chesapeake,657, asz2120
goldfish, miniBagels,3.9,3.433333, goldfish,948, asz2120
miniBagels, skittles,3.433333,1.4, miniBagels,1096, asz2120
kindBar2, redVines,2.1,0.766667, kindBar2,1183, asz2120
tostitos, twizzlers,7.633333,1.5, tostitos,812, asz2120
famousAmos, reeses,5.966667,2, reeses,868, asz2120
fruitSnacks, twizzlers,7.9,1.5, fruitSnacks,871, asz2120
peanuts, cheezIts,3.133333,7.233333, cheezIts,1701, asz2120
haribo, reeses,4.6,2, haribo,4517, asz2120
famousAmos, beefJerky,5.966667,9.166667, beefJerky,611, asz2120
lindtChoc, beefJerky,2.7,9.166667, beefJerky,1026, asz2120
cheetos, lays,1.633333,1.4, cheetos,1658, asz2120
miniBagels, animalCookies,3.433333,5.133333, animalCookies,893, asz2120
raisins, kindBar2,2.9,2.1, kindBar2,1261, asz2120
redVines, cheezIts,0.766667,7.233333, cheezIts,1974, asz2120
stringCheese, pistachios,7.333333,6.4, stringCheese,933, asz2120
cheezIts, pistachios,7.233333,6.4, cheezIts,1152, asz2120
tostitos, kindBar2,7.633333,2.1, tostitos,887, asz2120
tostitos, pringles,7.633333,2.233333, tostitos,1192, asz2120
twizzlers, stringCheese,1.5,7.333333, stringCheese,835, asz2120
peanuts, beefJerky,3.133333,9.166667, beefJerky,676, asz2120
twizzlers, beefJerky,1.5,9.166667, beefJerky,851, asz2120
chesapeake, fruitSnacks,6.566667,7.9, fruitSnacks,1020, asz2120
kindBar2, peanuts,2.1,3.133333, kindBar2,1140, asz2120
fruitSnacks, reeses,7.9,2, fruitSnacks,3415, asz2120
pringles, riceKrispies,2.233333,1.1, riceKrispies,1465, asz2120
riceKrispies, miniBagels,1.1,3.433333, miniBagels,2224, asz2120
raisins, redVines,2.9,0.766667, raisins,1018, asz2120
miniBagels, stringCheese,3.433333,7.333333, stringCheese,694, asz2120
peanuts, reeses,3.133333,2, reeses,615, asz2120
cheezIts, russetChips,7.233333,6.466667, cheezIts,598, asz2120
russetChips, reeses,6.466667,2, russetChips,776, asz2120
reeses, pretzelStx,2,6.666667, pretzelStx,633, asz2120
riceKrispies, reeses,1.1,2, reeses,1353, asz2120
reeses, cheezIts,2,7.233333, cheezIts,645, asz2120
chesapeake, lays,6.566667,1.4, chesapeake,689, asz2120
miniBagels, cheetos,3.433333,1.633333, cheetos,974, asz2120
raisins, pringles,2.9,2.233333, pringles,943, asz2120
cheezIts, beefJerky,7.233333,9.166667, beefJerky,581, asz2120
cheetos, famousAmos,1.633333,5.966667, cheetos,661, asz2120
sunChips, fruitSnacks,3.133333,7.9, sunChips,1143, asz2120
doritos, cheetos,1.366667,1.633333, cheetos,1644, asz2120
kindBar2, beefJerky,2.1,9.166667, beefJerky,624, asz2120
kindBar1, redVines,3.066667,0.766667, kindBar1,1165, asz2120
miniBagels, tostitos,3.433333,7.633333, tostitos,5176, asz2120
sunChips, tostitos,3.133333,7.633333, tostitos,1847, asz2120
animalCookies, lays,5.133333,1.4, lays,798, asz2120
miniBagels, doritos,3.433333,1.366667, miniBagels,1455, asz2120
skittles, pretzelStx,1.4,6.666667, pretzelStx,791, asz2120
twizzlers, goldfish,1.5,3.9, goldfish,1035, asz2120
skittles, stringCheese,1.4,7.333333, stringCheese,1389, asz2120
haribo, raisins,4.6,2.9, haribo,791, asz2120
redVines, doritos,0.766667,1.366667, doritos,908, asz2120
russetChips, kindBar1,6.466667,3.066667, russetChips,839, asz2120
doritos, beefJerky,1.366667,9.166667, beefJerky,723, asz2120
skittles, lindtChoc,1.4,2.7, skittles,1226, asz2120
pistachios, famousAmos,6.4,5.966667, pistachios,4609, asz2120
reeses, cheetos,2,1.633333, reeses,1558, asz2120
tostitos, doritos,7.633333,1.366667, tostitos,930, asz2120
twizzlers, pistachios,1.5,6.4, pistachios,952, asz2120
pistachios, goldfish,6.4,3.9, pistachios,838, asz2120
pringles, beefJerky,2.233333,9.166667, beefJerky,553, asz2120
skittles, stringCheese,1.4,7.333333, stringCheese,710, asz2120
beefJerky, skittles,9.166667,1.4, beefJerky,791, asz2120
lindtChoc, pistachios,2.7,6.4, pistachios,984, asz2120
redVines, cheezIts,0.766667,7.233333, cheezIts,884, asz2120
russetChips, beefJerky,6.466667,9.166667, beefJerky,554, asz2120
russetChips, twizzlers,6.466667,1.5, russetChips,773, asz2120
redVines, goldfish,0.766667,3.9, goldfish,916, asz2120
famousAmos, raisins,5.966667,2.9, famousAmos,1706, asz2120
doritos, kindBar1,1.366667,3.066667, doritos,1173, asz2120
miniBagels, reeses,3.433333,2, miniBagels,976, asz2120
riceKrispies, cheezIts,1.1,7.233333, cheezIts,720, asz2120
beefJerky, tostitos,9.166667,7.633333, beefJerky,635, asz2120
stringCheese, cheetos,7.333333,1.633333, stringCheese,924, asz2120
riceKrispies, jellyBean,1.1,3.766667, jellyBean,1803, asz2120
pistachios, haribo,6.4,4.6, haribo,1063, asz2120
stringCheese, reeses,7.333333,2, stringCheese,1086, asz2120
doritos, jellyBean,1.366667,3.766667, jellyBean,1219, asz2120
lindtChoc, raisins,2.7,2.9, lindtChoc,2440, asz2120
cheezIts, pretzelStx,7.233333,6.666667, cheezIts,639, asz2120
cheezIts, lindtChoc,7.233333,2.7, cheezIts,1122, asz2120
chesapeake, pretzelStx,6.566667,6.666667, pretzelStx,4626, asz2120
doritos, pistachios,1.366667,6.4, pistachios,4297, asz2120
pringles, cheezIts,2.233333,7.233333, cheezIts,1003, asz2120
famousAmos, redVines,5.966667,0.766667, famousAmos,1592, asz2120
riceKrispies, pistachios,1.1,6.4, pistachios,849, asz2120
kindBar2, cheezIts,2.1,7.233333, kindBar2,975, asz2120
goldfish, lindtChoc,3.9,2.7, lindtChoc,1270, asz2120
jellyBean, skittles,3.766667,1.4, jellyBean,1045, asz2120
russetChips, skittles,6.466667,1.4, russetChips,694, asz2120
skittles, tostitos,1.4,7.633333, tostitos,543, asz2120
beefJerky, raisins,9.166667,2.9, beefJerky,611, asz2120
pretzelStx, lays,6.666667,1.4, pretzelStx,1436, asz2120
skittles, goldfish,1.4,3.9, goldfish,623, asz2120
beefJerky, haribo,9.166667,4.6, beefJerky,511, asz2120
lindtChoc, haribo,2.7,4.6, haribo,842, asz2120
pistachios, kindBar1,6.4,3.066667, pistachios,795, asz2120
redVines, pistachios,0.766667,6.4, pistachios,910, asz2120
pistachios, raisins,6.4,2.9, pistachios,507, asz2120
fruitSnacks, animalCookies,7.9,5.133333, fruitSnacks,813, asz2120
russetChips, pistachios,6.466667,6.4, russetChips,1070, asz2120
beefJerky, jellyBean,9.166667,3.766667, beefJerky,629, asz2120
fruitSnacks, doritos,7.9,1.366667, fruitSnacks,1000, asz2120
kindBar2, animalCookies,2.1,5.133333, animalCookies,839, asz2120
cheezIts, jellyBean,7.233333,3.766667, cheezIts,2552, asz2120
kindBar2, russetChips,2.1,6.466667, russetChips,753, asz2120
kindBar2, doritos,2.1,1.366667, kindBar2,885, asz2120
skittles, animalCookies,1.4,5.133333, animalCookies,1043, asz2120
sunChips, doritos,3.133333,1.366667, sunChips,674, asz2120
cheetos, beefJerky,1.633333,9.166667, beefJerky,769, asz2120
stringCheese, kindBar1,7.333333,3.066667, stringCheese,1692, asz2120
stringCheese, sunChips,7.333333,3.133333, stringCheese,1251, asz2120
tostitos, raisins,7.633333,2.9, tostitos,828, asz2120
redVines, tostitos,0.766667,7.633333, tostitos,756, asz2120
lays, fruitSnacks,1.4,7.9, fruitSnacks,871, asz2120
goldfish, reeses,3.9,2, goldfish,605, asz2120
russetChips, cheetos,6.466667,1.633333, russetChips,739, asz2120
animalCookies, jellyBean,5.133333,3.766667, jellyBean,1893, asz2120
jellyBean, goldfish,3.766667,3.9, jellyBean,1013, asz2120
russetChips, raisins,6.466667,2.9, russetChips,730, asz2120
skittles, tostitos,1.4,7.633333, tostitos,933, asz2120
fruitSnacks, cheetos,7.9,1.633333, fruitSnacks,747, asz2120
reeses, kindBar1,2,3.066667, reeses,771, asz2120
beefJerky, jellyBean,9.166667,3.766667, beefJerky,886, asz2120
haribo, animalCookies,4.6,5.133333, haribo,2131, asz2120
goldfish, cheezIts,3.9,7.233333, cheezIts,896, asz2120
cheezIts, kindBar1,7.233333,3.066667, cheezIts,1175, asz2120
tostitos, kindBar2,7.633333,2.1, tostitos,1500, asz2120
chesapeake, twizzlers,6.566667,1.5, chesapeake,1754, asz2120
miniBagels, stringCheese,3.433333,7.333333, stringCheese,791, asz2120
stringCheese, goldfish,7.333333,3.9, stringCheese,992, asz2120
kindBar2, famousAmos,2.1,5.966667, famousAmos,3269, asz2120
sunChips, lays,3.133333,1.4, sunChips,7829, asz2120
famousAmos, fruitSnacks,5.966667,7.9, fruitSnacks,739, asz2120
pringles, beefJerky,2.233333,9.166667, beefJerky,991, asz2120
lays, miniBagels,1.4,3.433333, miniBagels,868, asz2120
riceKrispies, raisins,1.1,2.9, raisins,1993, asz2120
lays, haribo,1.4,4.6, haribo,747, asz2120
pistachios, peanuts,6.4,3.133333, pistachios,1148, asz2120
doritos, cheezIts,1.366667,7.233333, cheezIts,856, asz2120
fruitSnacks, jellyBean,7.9,3.766667, fruitSnacks,755, asz2120
beefJerky, fruitSnacks,9.166667,7.9, beefJerky,686, asz2120
famousAmos, miniBagels,5.966667,3.433333, famousAmos,992, asz2120
skittles, kindBar1,1.4,3.066667, kindBar1,780, asz2120
animalCookies, peanuts,5.133333,3.133333, animalCookies,1399, asz2120
haribo, fruitSnacks,4.6,7.9, fruitSnacks,1002, asz2120
doritos, famousAmos,1.366667,5.966667, doritos,754, asz2120
lindtChoc, famousAmos,2.7,5.966667, famousAmos,1516, asz2120
lays, lindtChoc,1.4,2.7, lindtChoc,973, asz2120
raisins, lays,2.9,1.4, raisins,756, asz2120
stringCheese, redVines,7.333333,0.766667, stringCheese,2737, asz2120
jellyBean, pistachios,3.766667,6.4, pistachios,2936, asz2120
miniBagels, cheezIts,3.433333,7.233333, cheezIts,2814, asz2120
fruitSnacks, riceKrispies,7.9,1.1, fruitSnacks,4402, asz2120
kindBar1, pretzelStx,3.066667,6.666667, pretzelStx,1759, asz2120
jellyBean, stringCheese,3.766667,7.333333, stringCheese,678, asz2120
riceKrispies, animalCookies,1.1,5.133333, animalCookies,818, asz2120
jellyBean, cheetos,3.766667,1.633333, jellyBean,1469, asz2120
russetChips, riceKrispies,6.466667,1.1, russetChips,753, asz2120
raisins, cheezIts,2.9,7.233333, cheezIts,670, asz2120
pistachios, reeses,6.4,2, pistachios,534, asz2120
beefJerky, raisins,9.166667,2.9, beefJerky,718, asz2120
sunChips, animalCookies,3.133333,5.133333, sunChips,725, asz2120
goldfish, beefJerky,3.9,9.166667, beefJerky,518, asz2120
haribo, goldfish,4.6,3.9, haribo,569, asz2120
riceKrispies, sunChips,1.1,3.133333, sunChips,775, asz2120
riceKrispies, stringCheese,1.1,7.333333, stringCheese,593, asz2120
lays, stringCheese,1.4,7.333333, stringCheese,833, asz2120
twizzlers, pretzelStx,1.5,6.666667, pretzelStx,1192, asz2120
lays, skittles,1.4,1.4, lays,1211, asz2120
kindBar1, cheetos,3.066667,1.633333, kindBar1,1464, asz2120
pringles, cheetos,2.233333,1.633333, pringles,1805, asz2120
fruitSnacks, pretzelStx,7.9,6.666667, pretzelStx,1584, asz2120
miniBagels, kindBar1,3.433333,3.066667, miniBagels,1125, asz2120
peanuts, tostitos,3.133333,7.633333, tostitos,836, asz2120
riceKrispies, pretzelStx,1.1,6.666667, pretzelStx,991, asz2120
tostitos, cheetos,7.633333,1.633333, tostitos,699, asz2120
sunChips, famousAmos,3.133333,5.966667, sunChips,591, asz2120
riceKrispies, lindtChoc,1.1,2.7, lindtChoc,800, asz2120
cheezIts, kindBar1,7.233333,3.066667, cheezIts,706, asz2120
russetChips, skittles,6.466667,1.4, russetChips,1047, asz2120
beefJerky, lays,9.166667,1.4, beefJerky,542, asz2120
russetChips, haribo,6.466667,4.6, russetChips,1331, asz2120
beefJerky, riceKrispies,9.166667,1.1, beefJerky,1793, asz2120
kindBar2, sunChips,2.1,3.133333, sunChips,629, asz2120
jellyBean, miniBagels,3.766667,3.433333, jellyBean,2130, asz2120
goldfish, pretzelStx,3.9,6.666667, pretzelStx,1030, asz2120
sunChips, twizzlers,3.133333,1.5, sunChips,821, asz2120
doritos, russetChips,1.366667,6.466667, russetChips,1863, asz2120
pringles, fruitSnacks,2.233333,7.9, fruitSnacks,1268, asz2120
fruitSnacks, twizzlers,7.9,1.5, fruitSnacks,3522, asz2120
sunChips, raisins,3.133333,2.9, sunChips,885, asz2120
kindBar1, goldfish,3.066667,3.9, kindBar1,2829, asz2120
lays, stringCheese,1.4,7.333333, stringCheese,721, asz2120
pretzelStx, pringles,6.666667,2.233333, pretzelStx,730, asz2120
sunChips, chesapeake,3.133333,6.566667, sunChips,709, asz2120
riceKrispies, tostitos,1.1,7.633333, tostitos,634, asz2120
sunChips, pistachios,3.133333,6.4, sunChips,1477, asz2120
lindtChoc, sunChips,2.7,3.133333, sunChips,1929, asz2120
skittles, peanuts,1.4,3.133333, skittles,1185, asz2120
lays, kindBar1,1.4,3.066667, lays,812, asz2120
haribo, miniBagels,4.6,3.433333, haribo,602, asz2120
stringCheese, cheetos,7.333333,1.633333, stringCheese,715, asz2120
beefJerky, reeses,9.166667,2, beefJerky,845, asz2120
pistachios, tostitos,6.4,7.633333, pistachios,640, asz2120
stringCheese, haribo,7.333333,4.6, stringCheese,602, asz2120
haribo, riceKrispies,4.6,1.1, haribo,828, asz2120
animalCookies, lays,5.133333,1.4, lays,783, asz2120
kindBar1, famousAmos,3.066667,5.966667, famousAmos,800, asz2120
riceKrispies, famousAmos,1.1,5.966667, famousAmos,1074, asz2120
jellyBean, reeses,3.766667,2, jellyBean,1556, asz2120
animalCookies, stringCheese,5.133333,7.333333, stringCheese,632, asz2120
doritos, pretzelStx,1.366667,6.666667, pretzelStx,900, asz2120
beefJerky, miniBagels,9.166667,3.433333, beefJerky,684, asz2120
jellyBean, sunChips,3.766667,3.133333, sunChips,825, asz2120
goldfish, fruitSnacks,3.9,7.9, fruitSnacks,1113, asz2120
pretzelStx, sunChips,6.666667,3.133333, pretzelStx,4215, asz2120
lindtChoc, pretzelStx,2.7,6.666667, pretzelStx,671, asz2120
cheezIts, cheetos,7.233333,1.633333, cheezIts,761, asz2120
lays, redVines,1.4,0.766667, lays,1003, asz2120
chesapeake, cheetos,6.566667,1.633333, chesapeake,3830, asz2120
russetChips, peanuts,6.466667,3.133333, russetChips,1278, asz2120
kindBar1, fruitSnacks,3.066667,7.9, fruitSnacks,783, asz2120
cheetos, lindtChoc,1.633333,2.7, lindtChoc,1397, asz2120
redVines, tostitos,0.766667,7.633333, tostitos,1254, asz2120
skittles, kindBar2,1.4,2.1, skittles,2922, asz2120
fruitSnacks, raisins,7.9,2.9, fruitSnacks,1277, asz2120
famousAmos, cheezIts,5.966667,7.233333, cheezIts,788, asz2120
kindBar1, kindBar2,3.066667,2.1, kindBar1,1831, asz2120
redVines, jellyBean,0.766667,3.766667, jellyBean,1043, asz2120
russetChips, cheetos,6.466667,1.633333, russetChips,920, asz2120
pringles, pistachios,2.233333,6.4, pistachios,1359, asz2120
pringles, chesapeake,2.233333,6.566667, chesapeake,875, asz2120
haribo, twizzlers,4.6,1.5, haribo,965, asz2120
famousAmos, chesapeake,5.966667,6.566667, chesapeake,1771, asz2120
tostitos, haribo,7.633333,4.6, haribo,1150, asz2120
pretzelStx, beefJerky,6.666667,9.166667, beefJerky,601, asz2120
peanuts, riceKrispies,3.133333,1.1, peanuts,2071, asz2120
kindBar1, tostitos,3.066667,7.633333, tostitos,789, asz2120
tostitos, fruitSnacks,7.633333,7.9, tostitos,3756, asz2120
stringCheese, raisins,7.333333,2.9, stringCheese,70, asz2120
kindBar2, lindtChoc,2.1,2.7, kindBar2,910, asz2120
pretzelStx, peanuts,6.666667,3.133333, pretzelStx,605, asz2120
beefJerky, reeses,9.166667,2, beefJerky,844, asz2120
riceKrispies, tostitos,1.1,7.633333, tostitos,1300, asz2120
lindtChoc, beefJerky,2.7,9.166667, beefJerky,699, asz2120
stringCheese, peanuts,7.333333,3.133333, stringCheese,466, asz2120
sunChips, skittles,3.133333,1.4, sunChips,988, asz2120
beefJerky, pistachios,9.166667,6.4, beefJerky,685, asz2120
kindBar1, pretzelStx,3.066667,6.666667, pretzelStx,967, asz2120
raisins, chesapeake,2.9,6.566667, chesapeake,1116, asz2120
chesapeake, kindBar1,6.566667,3.066667, chesapeake,873, asz2120
haribo, pretzelStx,4.6,6.666667, pretzelStx,637, asz2120
fruitSnacks, kindBar2,7.9,2.1, fruitSnacks,1572, asz2120
miniBagels, raisins,3.433333,2.9, raisins,3169, asz2120
kindBar1, sunChips,3.066667,3.133333, sunChips,2500, asz2120
lindtChoc, russetChips,2.7,6.466667, russetChips,1331, asz2120
pretzelStx, jellyBean,6.666667,3.766667, pretzelStx,953, asz2120
sunChips, pistachios,3.133333,6.4, pistachios,1943, asz2120
russetChips, pringles,6.466667,2.233333, russetChips,1051, asz2120
tostitos, animalCookies,7.633333,5.133333, tostitos,851, asz2120
tostitos, lindtChoc,7.633333,2.7, tostitos,947, asz2120
jellyBean, twizzlers,3.766667,1.5, jellyBean,823, asz2120
haribo, doritos,4.6,1.366667, doritos,883, asz2120
cheezIts, jellyBean,7.233333,3.766667, cheezIts,767, asz2120
twizzlers, lindtChoc,1.5,2.7, lindtChoc,1106, asz2120
pretzelStx, russetChips,6.666667,6.466667, pretzelStx,1085, asz2120
lays, pistachios,1.4,6.4, pistachios,1636, asz2120
raisins, animalCookies,2.9,5.133333, animalCookies,2354, asz2120
animalCookies, redVines,5.133333,0.766667, animalCookies,1645, asz2120
fruitSnacks, kindBar2,7.9,2.1, fruitSnacks,1374, asz2120
pringles, pistachios,2.233333,6.4, pistachios,1174, asz2120
lays, beefJerky,1.4,9.166667, beefJerky,883, asz2120
lindtChoc, doritos,2.7,1.366667, lindtChoc,3497, asz2120
cheezIts, animalCookies,7.233333,5.133333, animalCookies,1286, asz2120
peanuts, redVines,3.133333,0.766667, peanuts,1326, asz2120
famousAmos, skittles,5.966667,1.4, famousAmos,876, asz2120
skittles, beefJerky,1.4,9.166667, beefJerky,793, asz2120
sunChips, russetChips,3.133333,6.466667, russetChips,1115, asz2120
jellyBean, lays,3.766667,1.4, jellyBean,1238, asz2120
animalCookies, kindBar1,5.133333,3.066667, animalCookies,1973, asz2120
russetChips, redVines,6.466667,0.766667, russetChips,1490, asz2120
chesapeake, riceKrispies,6.566667,1.1, chesapeake,2132, asz2120
sunChips, goldfish,3.133333,3.9, goldfish,1667, asz2120
redVines, beefJerky,0.766667,9.166667, beefJerky,906, asz2120
redVines, chesapeake,0.766667,6.566667, chesapeake,3503, asz2120
haribo, cheetos,4.6,1.633333, haribo,686, asz2120
stringCheese, kindBar2,7.333333,2.1, stringCheese,673, asz2120
haribo, fruitSnacks,4.6,7.9, fruitSnacks,1422, asz2120
redVines, pretzelStx,0.766667,6.666667, pretzelStx,2152, asz2120
twizzlers, cheezIts,1.5,7.233333, cheezIts,1520, asz2120
peanuts, beefJerky,3.133333,9.166667, beefJerky,715, asz2120
cheetos, goldfish,1.633333,3.9, goldfish,754, asz2120
goldfish, tostitos,3.9,7.633333, tostitos,772, asz2120
pretzelStx, kindBar2,6.666667,2.1, pretzelStx,734, asz2120
skittles, cheezIts,1.4,7.233333, cheezIts,703, asz2120
goldfish, fruitSnacks,3.9,7.9, fruitSnacks,1800, asz2120
pringles, kindBar2,2.233333,2.1, pringles,955, asz2120
goldfish, cheezIts,3.9,7.233333, cheezIts,939, asz2120
famousAmos, lays,5.966667,1.4, famousAmos,872, asz2120
beefJerky, twizzlers,9.166667,1.5, beefJerky,1447, asz2120
haribo, kindBar2,4.6,2.1, haribo,1066, asz2120
skittles, fruitSnacks,1.4,7.9, fruitSnacks,866, asz2120
animalCookies, pringles,5.133333,2.233333, animalCookies,875, asz2120
famousAmos, raisins,5.966667,2.9, famousAmos,953, asz2120
reeses, animalCookies,2,5.133333, animalCookies,675, asz2120
pringles, sunChips,2.233333,3.133333, sunChips,4530, asz2120
beefJerky, cheetos,9.166667,1.633333, beefJerky,1880, asz2120
riceKrispies, animalCookies,1.1,5.133333, animalCookies,913, asz2120
twizzlers, skittles,1.5,1.4, twizzlers,1666, asz2120
lays, peanuts,1.4,3.133333, peanuts,1152, asz2120
stringCheese, lindtChoc,7.333333,2.7, stringCheese,928, asz2120
kindBar1, beefJerky,3.066667,9.166667, beefJerky,1931, asz2120
beefJerky, sunChips,9.166667,3.133333, beefJerky,1446, asz2120
haribo, redVines,4.6,0.766667, haribo,1331, asz2120
doritos, peanuts,1.366667,3.133333, peanuts,1415, asz2120
tostitos, lays,7.633333,1.4, tostitos,1164, asz2120
doritos, chesapeake,1.366667,6.566667, chesapeake,1108, asz2120
pistachios, cheetos,6.4,1.633333, pistachios,2818, asz2120
tostitos, famousAmos,7.633333,5.966667, tostitos,1273, asz2120
reeses, pretzelStx,2,6.666667, pretzelStx,793, asz2120
lindtChoc, pringles,2.7,2.233333, pringles,865, asz2120
fruitSnacks, riceKrispies,7.9,1.1, fruitSnacks,783, asz2120
stringCheese, doritos,7.333333,1.366667, stringCheese,881, asz2120
goldfish, russetChips,3.9,6.466667, goldfish,911, asz2120
kindBar1, haribo,3.066667,4.6, haribo,892, asz2120
tostitos, doritos,7.633333,1.366667, tostitos,862, asz2120
chesapeake, goldfish,6.566667,3.9, chesapeake,1333, asz2120
stringCheese, beefJerky,7.333333,9.166667, beefJerky,850, asz2120
lays, fruitSnacks,1.4,7.9, fruitSnacks,1193, asz2120
jellyBean, famousAmos,3.766667,5.966667, famousAmos,962, asz2120
riceKrispies, doritos,1.1,1.366667, riceKrispies,6001, asz2120
tostitos, lays,7.633333,1.4, tostitos,890, asz2120
doritos, stringCheese,1.366667,7.333333, stringCheese,733, asz2120
miniBagels, chesapeake,3.433333,6.566667, chesapeake,1168, asz2120
reeses, pringles,2,2.233333, reeses,1961, asz2120
kindBar1, lindtChoc,3.066667,2.7, kindBar1,1801, asz2120
miniBagels, lindtChoc,3.433333,2.7, miniBagels,5283, asz2120
cheetos, twizzlers,1.633333,1.5, cheetos,1449, asz2120
haribo, jellyBean,4.6,3.766667, jellyBean,2348, asz2120
kindBar2, jellyBean,2.1,3.766667, jellyBean,1376, asz2120
russetChips, lays,6.466667,1.4, russetChips,1244, asz2120
kindBar2, beefJerky,2.1,9.166667, beefJerky,6561, asz2120
beefJerky, riceKrispies,9.166667,1.1, beefJerky,4244, asz2120
lays, goldfish,1.4,3.9, goldfish,610, asz2120
stringCheese, redVines,7.333333,0.766667, stringCheese,831, asz2120
stringCheese, cheezIts,7.333333,7.233333, cheezIts,1535, asz2120
lindtChoc, fruitSnacks,2.7,7.9, fruitSnacks,950, asz2120
redVines, sunChips,0.766667,3.133333, sunChips,8519, asz2120
twizzlers, cheezIts,1.5,7.233333, cheezIts,813, asz2120
reeses, tostitos,2,7.633333, tostitos,902, asz2120
animalCookies, redVines,5.133333,0.766667, animalCookies,667, asz2120
russetChips, riceKrispies,6.466667,1.1, russetChips,666, asz2120
raisins, cheetos,2.9,1.633333, raisins,1112, asz2120
miniBagels, sunChips,3.433333,3.133333, sunChips,1106, asz2120
cheezIts, lays,7.233333,1.4, cheezIts,834, asz2120
miniBagels, pistachios,3.433333,6.4, pistachios,1378, asz2120
miniBagels, twizzlers,3.433333,1.5, miniBagels,1523, asz2120
fruitSnacks, cheetos,7.9,1.633333, fruitSnacks,1254, asz2120
pretzelStx, raisins,6.666667,2.9, pretzelStx,685, asz2120
twizzlers, famousAmos,1.5,5.966667, famousAmos,812, asz2120
pretzelStx, pringles,6.666667,2.233333, pretzelStx,2183, asz2120
lindtChoc, redVines,2.7,0.766667, lindtChoc,1037, asz2120
doritos, beefJerky,1.366667,9.166667, beefJerky,638, asz2120
chesapeake, beefJerky,6.566667,9.166667, beefJerky,733, asz2120
pistachios, kindBar2,6.4,2.1, pistachios,830, asz2120
stringCheese, pringles,7.333333,2.233333, stringCheese,685, asz2120
pretzelStx, miniBagels,6.666667,3.433333, pretzelStx,928, asz2120
skittles, fruitSnacks,1.4,7.9, fruitSnacks,733, asz2120
stringCheese, chesapeake,7.333333,6.566667, stringCheese,532, asz2120
lays, riceKrispies,1.4,1.1, riceKrispies,1154, asz2120
famousAmos, russetChips,5.966667,6.466667, famousAmos,1029, asz2120
fruitSnacks, miniBagels,7.9,3.433333, miniBagels,1103, asz2120
pringles, kindBar1,2.233333,3.066667, pringles,1102, asz2120
animalCookies, lindtChoc,5.133333,2.7, animalCookies,5604, asz2120
twizzlers, peanuts,1.5,3.133333, peanuts,1460, asz2120
doritos, russetChips,1.366667,6.466667, russetChips,1012, asz2120
chesapeake, skittles,6.566667,1.4, chesapeake,841, asz2120
fruitSnacks, miniBagels,7.9,3.433333, fruitSnacks,1805, asz2120
animalCookies, chesapeake,5.133333,6.566667, chesapeake,924, asz2120
haribo, doritos,4.6,1.366667, haribo,2521, asz2120
pringles, jellyBean,2.233333,3.766667, jellyBean,823, asz2120
animalCookies, cheetos,5.133333,1.633333, animalCookies,1113, asz2120
famousAmos, peanuts,5.966667,3.133333, famousAmos,1198, asz2120
skittles, raisins,1.4,2.9, raisins,895, asz2120
famousAmos, goldfish,5.966667,3.9, famousAmos,779, asz2120
twizzlers, pringles,1.5,2.233333, pringles,726, asz2120
miniBagels, russetChips,3.433333,6.466667, russetChips,856, asz2120
skittles, cheetos,1.4,1.633333, cheetos,622, asz2120
reeses, raisins,2,2.9, raisins,1409, asz2120
beefJerky, redVines,9.166667,0.766667, beefJerky,563, asz2120
sunChips, cheezIts,3.133333,7.233333, sunChips,1254, asz2120
jellyBean, russetChips,3.766667,6.466667, russetChips,829, asz2120
riceKrispies, kindBar1,1.1,3.066667, riceKrispies,1050, asz2120
pringles, skittles,2.233333,1.4, pringles,1084, asz2120
pistachios, skittles,6.4,1.4, pistachios,950, asz2120
chesapeake, lindtChoc,6.566667,2.7, chesapeake,1418, asz2120
stringCheese, famousAmos,7.333333,5.966667, stringCheese,749, asz2120
cheezIts, riceKrispies,7.233333,1.1, cheezIts,865, asz2120
animalCookies, twizzlers,5.133333,1.5, animalCookies,1449, asz2120
riceKrispies, pistachios,1.1,6.4, pistachios,4890, asz2120
cheetos, pretzelStx,1.633333,6.666667, pretzelStx,1089, asz2120
riceKrispies, stringCheese,1.1,7.333333, stringCheese,2161, asz2120
goldfish, beefJerky,3.9,9.166667, beefJerky,781, asz2120
famousAmos, pringles,5.966667,2.233333, famousAmos,833, asz2120
redVines, skittles,0.766667,1.4, skittles,2266, asz2120
reeses, chesapeake,2,6.566667, chesapeake,812, asz2120
cheetos, kindBar2,1.633333,2.1, cheetos,1157, asz2120
kindBar2, goldfish,2.1,3.9, kindBar2,1059, asz2120
animalCookies, pretzelStx,5.133333,6.666667, pretzelStx,846, asz2120
skittles, haribo,1.4,4.6, haribo,1136, asz2120
fruitSnacks, redVines,7.9,0.766667, fruitSnacks,1109, asz2120
riceKrispies, goldfish,1.1,3.9, goldfish,6405, asz2120
redVines, riceKrispies,0.766667,1.1, redVines,2489, asz2120
kindBar2, chesapeake,2.1,6.566667, chesapeake,1060, asz2120
pistachios, pretzelStx,6.4,6.666667, pretzelStx,1141, asz2120
russetChips, animalCookies,6.466667,5.133333, russetChips,882, asz2120
redVines, pistachios,0.766667,6.4, pistachios,1009, asz2120
chesapeake, lays,6.566667,1.4, chesapeake,653, asz2120
